,FIPS,POPGROUP,POPGROUP_LABEL,estimated_pop,pred_wght,relative_weight,weighted_average,std_dev_parts_and_actual
3947,17031,83,"Mongolian alone or in any combination (465) & (100-299) or (300, A01-Z99) or (400-999)",1805,10.794362484756,19483.82428498458,,688.0267197531581
2414,06001,83,"Mongolian alone or in any combination (465) & (100-299) or (300, A01-Z99) or (400-999)",1343,9.64136846914229,12948.357854058095,,385.25952355168187
1068,06037,83,"Mongolian alone or in any combination (465) & (100-299) or (300, A01-Z99) or (400-999)",2592,10.0245384042183,25983.603543733832,,60.22308972846368
3,,83,"Mongolian alone or in any combination (465) & (100-299) or (300, A01-Z99) or (400-999)",5740,,58415.785682776506,10.176966146825176,0.4443821481110701
