,FIPS,POPGROUP,POPGROUP_LABEL,estimated_pop,pred_wght,relative_weight,weighted_average,std_dev_parts_and_actual
1236,13089,72,Bhutanese alone (403),1210,8.91584748278997,10788.175454175862,,326.41022234533
3663,36067,72,Bhutanese alone (403),718,7.52117646578563,5400.204702434083,,550.0785084092594
2,,72,Bhutanese alone (403),1928,,16188.380156609945,8.396462736830884,0.6742479792541569
